,step,trainloss,validloss,acc,f1-score
0,0.0,4.540205955505371,,,
1,1.0,4.0786333084106445,,,
2,2.0,5.258668899536133,,,
3,3.0,4.607985019683838,,,
4,4.0,4.735013961791992,,,
5,5.0,4.515475749969482,,,
6,6.0,5.430540084838867,,,
7,7.0,4.62208366394043,,,
8,8.0,4.448800086975098,,,
9,9.0,4.285482883453369,,,
10,10.0,4.71909236907959,,,
11,11.0,3.92722487449646,,,
12,12.0,5.121013641357422,,,
13,13.0,5.055759906768799,,,
14,14.0,4.864388942718506,,,
15,15.0,4.155341625213623,,,
16,16.0,5.0537428855896,,,
17,17.0,4.650015354156494,,,
18,18.0,4.552896022796631,,,
19,19.0,4.041662216186523,,,
20,20.0,4.362163543701172,,,
21,21.0,4.39890718460083,,,
22,22.0,4.705513000488281,,,
23,23.0,4.520427227020264,,,
24,24.0,4.4294753074646,,,
25,25.0,4.428099632263184,,,
26,26.0,4.403992652893066,,,
27,27.0,4.63155460357666,,,
28,28.0,4.6265106201171875,,,
29,29.0,4.854154109954834,,,
30,30.0,3.909195899963379,,,
31,31.0,4.035073280334473,,,
32,32.0,4.188110828399658,,,
33,33.0,4.392585277557373,,,
34,34.0,4.814944267272949,,,
35,35.0,4.198145866394043,,,
36,36.0,4.899842262268066,,,
37,37.0,4.234155654907227,,,
38,38.0,4.239983558654785,,,
39,39.0,4.23671293258667,,,
40,40.0,4.002994537353516,,,
41,41.0,4.698169708251953,,,
42,42.0,4.762359619140625,,,
43,43.0,4.128108978271484,,,
44,44.0,4.239283084869385,,,
45,45.0,4.074234962463379,,,
46,46.0,4.800376892089844,,,
47,47.0,4.210510730743408,,,
48,48.0,4.1881489753723145,,,
49,49.0,4.094841480255127,,,
50,50.0,4.825201034545898,,,
51,51.0,4.252804279327393,,,
52,52.0,3.9851198196411133,,,
53,53.0,4.523890018463135,,,
54,54.0,4.599784851074219,,,
55,55.0,4.302779197692871,,,
56,56.0,3.950756072998047,,,
57,57.0,4.814885139465332,,,
58,58.0,4.272727012634277,,,
59,59.0,4.4514617919921875,,,
60,60.0,4.266157150268555,,,
61,61.0,4.619733810424805,,,
62,62.0,4.259680271148682,,,
63,63.0,4.533545970916748,,,
64,64.0,4.5275983810424805,,,
65,65.0,4.154370307922363,0.15556820594903195,0.08333333333333333,0.04393857405221041
66,66.0,3.7798328399658203,,,
67,67.0,4.288382053375244,,,
68,68.0,4.327325820922852,,,
69,69.0,4.790653228759766,,,
70,70.0,3.9970662593841553,,,
71,71.0,3.5909945964813232,,,
72,72.0,4.404580593109131,,,
73,73.0,4.015926837921143,,,
74,74.0,3.2639055252075195,,,
75,75.0,4.369680881500244,,,
76,76.0,3.8650927543640137,,,
77,77.0,3.993924617767334,,,
78,78.0,4.1347246170043945,,,
79,79.0,3.995243787765503,,,
80,80.0,4.368447780609131,,,
81,81.0,3.841505527496338,,,
82,82.0,4.386959552764893,,,
83,83.0,4.352492332458496,,,
84,84.0,3.7680959701538086,,,
85,85.0,4.105544090270996,,,
86,86.0,4.343128681182861,,,
87,87.0,4.309503078460693,,,
88,88.0,4.601661205291748,,,
89,89.0,3.9444925785064697,,,
90,90.0,4.867545127868652,,,
91,91.0,3.871718406677246,,,
92,92.0,3.6762382984161377,,,
93,93.0,4.165504455566406,,,
94,94.0,4.297449588775635,,,
95,95.0,4.387023448944092,,,
96,96.0,4.37330436706543,,,
97,97.0,3.8150486946105957,,,
98,98.0,3.710378646850586,,,
99,99.0,3.749516487121582,,,
100,100.0,4.182658672332764,,,
101,101.0,4.148864269256592,,,
102,102.0,4.333237171173096,,,
103,103.0,4.242517471313477,,,
104,104.0,3.859095573425293,,,
105,105.0,4.093891143798828,,,
106,106.0,4.318435192108154,,,
107,107.0,4.373600959777832,,,
108,108.0,3.866239070892334,,,
109,109.0,4.289376735687256,,,
110,110.0,4.004289150238037,,,
111,111.0,3.903196334838867,,,
112,112.0,3.8885786533355713,,,
113,113.0,4.396872043609619,,,
114,114.0,3.9030752182006836,,,
115,115.0,3.6160855293273926,,,
116,116.0,3.6497936248779297,,,
117,117.0,4.520793437957764,,,
118,118.0,3.838831901550293,,,
119,119.0,4.233731269836426,,,
120,120.0,3.826107978820801,,,
121,121.0,4.590386867523193,,,
122,122.0,4.528508186340332,,,
123,123.0,3.7801241874694824,,,
124,124.0,4.4160380363464355,,,
125,125.0,4.162753105163574,,,
126,126.0,4.263866901397705,,,
127,127.0,4.121686935424805,,,
128,128.0,4.481825828552246,,,
129,129.0,4.361591339111328,,,
130,130.0,3.877265214920044,,,
131,131.0,4.548322677612305,0.15281028819806647,0.09090909090909091,0.05096509770422814
132,132.0,4.061715126037598,,,
133,133.0,3.7717835903167725,,,
134,134.0,3.954895496368408,,,
135,135.0,4.109480857849121,,,
136,136.0,3.6398563385009766,,,
137,137.0,3.8740923404693604,,,
138,138.0,4.264710426330566,,,
139,139.0,3.784680128097534,,,
140,140.0,3.5804295539855957,,,
141,141.0,3.921398162841797,,,
142,142.0,4.2240142822265625,,,
143,143.0,4.025094032287598,,,
144,144.0,4.023874759674072,,,
145,145.0,4.186975479125977,,,
146,146.0,4.041927337646484,,,
147,147.0,3.909606456756592,,,
148,148.0,3.880450963973999,,,
149,149.0,4.154762268066406,,,
150,150.0,4.008218288421631,,,
151,151.0,3.652712106704712,,,
152,152.0,4.337284088134766,,,
153,153.0,4.216757297515869,,,
154,154.0,3.9451730251312256,,,
155,155.0,3.4244163036346436,,,
156,156.0,3.9731249809265137,,,
157,157.0,4.299960613250732,,,
158,158.0,3.775209903717041,,,
159,159.0,3.890702724456787,,,
160,160.0,4.382569313049316,,,
161,161.0,3.756483554840088,,,
162,162.0,3.8302998542785645,,,
163,163.0,3.823853015899658,,,
164,164.0,4.153068542480469,,,
165,165.0,3.567265033721924,,,
166,166.0,4.287928581237793,,,
167,167.0,4.215167045593262,,,
168,168.0,3.7984747886657715,,,
169,169.0,4.2555389404296875,,,
170,170.0,3.405914783477783,,,
171,171.0,3.8332111835479736,,,
172,172.0,3.9840385913848877,,,
173,173.0,4.0142107009887695,,,
174,174.0,4.124759197235107,,,
175,175.0,3.5170912742614746,,,
176,176.0,4.12876558303833,,,
177,177.0,4.113280773162842,,,
178,178.0,4.146104335784912,,,
179,179.0,3.791964292526245,,,
180,180.0,3.8990702629089355,,,
181,181.0,3.807593822479248,,,
182,182.0,3.9520232677459717,,,
183,183.0,4.175878524780273,,,
184,184.0,3.58962345123291,,,
185,185.0,3.5610291957855225,,,
186,186.0,4.211094379425049,,,
187,187.0,3.7891898155212402,,,
188,188.0,3.7307095527648926,,,
189,189.0,3.748650550842285,,,
190,190.0,4.018675327301025,,,
191,191.0,3.6186771392822266,,,
192,192.0,3.8189141750335693,,,
193,193.0,3.625835418701172,,,
194,194.0,3.0853302478790283,,,
195,195.0,3.97491192817688,,,
196,196.0,3.8504221439361572,,,
197,197.0,4.111688137054443,0.14080642570148816,0.12878787878787878,0.08690634414318625
198,198.0,3.7420387268066406,,,
199,199.0,3.419079303741455,,,
200,200.0,3.2243905067443848,,,
201,201.0,3.6217501163482666,,,
202,202.0,3.715238094329834,,,
203,203.0,3.5711312294006348,,,
204,204.0,4.020333290100098,,,
205,205.0,3.6242096424102783,,,
206,206.0,3.8763184547424316,,,
207,207.0,3.3531887531280518,,,
208,208.0,3.469027280807495,,,
209,209.0,2.9831748008728027,,,
210,210.0,4.125229835510254,,,
211,211.0,2.926541805267334,,,
212,212.0,3.361945629119873,,,
213,213.0,3.7315077781677246,,,
214,214.0,3.079252004623413,,,
215,215.0,3.738816022872925,,,
216,216.0,3.208261013031006,,,
217,217.0,3.5085861682891846,,,
218,218.0,3.200338840484619,,,
219,219.0,4.050870418548584,,,
220,220.0,3.7695939540863037,,,
221,221.0,4.001187801361084,,,
222,222.0,3.4395341873168945,,,
223,223.0,3.5943360328674316,,,
224,224.0,3.8774971961975098,,,
225,225.0,3.3957526683807373,,,
226,226.0,3.5814507007598877,,,
227,227.0,3.639249801635742,,,
228,228.0,3.9866526126861572,,,
229,229.0,3.9157509803771973,,,
230,230.0,3.918454647064209,,,
231,231.0,4.122792720794678,,,
232,232.0,3.18782377243042,,,
233,233.0,3.28916597366333,,,
234,234.0,3.296302556991577,,,
235,235.0,3.2007462978363037,,,
236,236.0,3.515321969985962,,,
237,237.0,3.3768386840820312,,,
238,238.0,2.8426759243011475,,,
239,239.0,2.6368138790130615,,,
240,240.0,3.25927996635437,,,
241,241.0,3.3545589447021484,,,
242,242.0,3.8352670669555664,,,
243,243.0,3.367717742919922,,,
244,244.0,4.217093467712402,,,
245,245.0,3.076050043106079,,,
246,246.0,3.4259209632873535,,,
247,247.0,3.7378809452056885,,,
248,248.0,3.336435317993164,,,
249,249.0,3.3808064460754395,,,
250,250.0,4.10806131362915,,,
251,251.0,3.6946425437927246,,,
252,252.0,3.61614990234375,,,
253,253.0,3.6679391860961914,,,
254,254.0,3.474336624145508,,,
255,255.0,3.7047781944274902,,,
256,256.0,4.0013508796691895,,,
257,257.0,3.391209363937378,,,
258,258.0,4.331740379333496,,,
259,259.0,3.6652541160583496,,,
260,260.0,3.9368767738342285,,,
261,261.0,3.5456972122192383,,,
262,262.0,3.7118005752563477,,,
263,263.0,2.8857853412628174,0.13448820692120175,0.21212121212121213,0.1359721618094824
264,264.0,3.033344030380249,,,
265,265.0,2.427950382232666,,,
266,266.0,3.07657790184021,,,
267,267.0,3.7380781173706055,,,
268,268.0,3.503376007080078,,,
269,269.0,3.5975799560546875,,,
270,270.0,3.1967594623565674,,,
271,271.0,2.735337495803833,,,
272,272.0,3.092571258544922,,,
273,273.0,3.3131766319274902,,,
274,274.0,2.877002716064453,,,
275,275.0,3.5255696773529053,,,
276,276.0,3.0362977981567383,,,
277,277.0,3.265082836151123,,,
278,278.0,3.2875218391418457,,,
279,279.0,3.0725204944610596,,,
280,280.0,2.894531011581421,,,
281,281.0,2.94765305519104,,,
282,282.0,3.553297996520996,,,
283,283.0,3.477243423461914,,,
284,284.0,2.6206071376800537,,,
285,285.0,3.6396193504333496,,,
286,286.0,3.907627582550049,,,
287,287.0,3.480259656906128,,,
288,288.0,3.433925151824951,,,
289,289.0,3.0840039253234863,,,
290,290.0,3.7081751823425293,,,
291,291.0,3.0577123165130615,,,
292,292.0,3.986609935760498,,,
293,293.0,3.1102287769317627,,,
294,294.0,3.20271372795105,,,
295,295.0,3.2676472663879395,,,
296,296.0,3.670012950897217,,,
297,297.0,3.443948268890381,,,
298,298.0,3.453446626663208,,,
299,299.0,2.9568538665771484,,,
300,300.0,3.868680953979492,,,
301,301.0,3.069014072418213,,,
302,302.0,3.4541518688201904,,,
303,303.0,3.4155590534210205,,,
304,304.0,2.4410905838012695,,,
305,305.0,3.270656108856201,,,
306,306.0,3.049525022506714,,,
307,307.0,3.3157296180725098,,,
308,308.0,2.7021257877349854,,,
309,309.0,3.1853506565093994,,,
310,310.0,2.3705265522003174,,,
311,311.0,3.0585520267486572,,,
312,312.0,3.2351436614990234,,,
313,313.0,2.674217939376831,,,
314,314.0,2.456306219100952,,,
315,315.0,3.561838388442993,,,
316,316.0,3.128660202026367,,,
317,317.0,3.2343220710754395,,,
318,318.0,2.976300001144409,,,
319,319.0,3.4596540927886963,,,
320,320.0,2.6525373458862305,,,
321,321.0,2.217869758605957,,,
322,322.0,4.190215587615967,,,
323,323.0,2.121795177459717,,,
324,324.0,2.644516944885254,,,
325,325.0,3.350831985473633,,,
326,326.0,3.415384292602539,,,
327,327.0,3.302023410797119,,,
328,328.0,1.9757522344589233,,,
329,329.0,2.7325761318206787,0.11943848024715077,0.25,0.20579605579605578
330,330.0,2.8503689765930176,,,
331,331.0,3.159381866455078,,,
332,332.0,2.5616002082824707,,,
333,333.0,2.70093035697937,,,
334,334.0,2.4487249851226807,,,
335,335.0,2.4545912742614746,,,
336,336.0,2.7510769367218018,,,
337,337.0,2.9584505558013916,,,
338,338.0,2.824840784072876,,,
339,339.0,2.0240378379821777,,,
340,340.0,3.0023767948150635,,,
341,341.0,2.4900617599487305,,,
342,342.0,2.917440891265869,,,
343,343.0,1.8673679828643799,,,
344,344.0,2.7845401763916016,,,
345,345.0,3.060307264328003,,,
346,346.0,2.6988372802734375,,,
347,347.0,2.801440954208374,,,
348,348.0,1.9292806386947632,,,
349,349.0,2.783195972442627,,,
350,350.0,3.241520881652832,,,
351,351.0,2.3270156383514404,,,
352,352.0,3.286526679992676,,,
353,353.0,2.7003555297851562,,,
354,354.0,2.464582920074463,,,
355,355.0,2.4190995693206787,,,
356,356.0,3.036342144012451,,,
357,357.0,3.161574602127075,,,
358,358.0,2.302760601043701,,,
359,359.0,3.0135695934295654,,,
360,360.0,2.9405529499053955,,,
361,361.0,1.8349378108978271,,,
362,362.0,3.79202938079834,,,
363,363.0,2.440683126449585,,,
364,364.0,2.7292377948760986,,,
365,365.0,2.678077220916748,,,
366,366.0,2.74381160736084,,,
367,367.0,2.4221134185791016,,,
368,368.0,2.522461414337158,,,
369,369.0,2.406576633453369,,,
370,370.0,2.7316226959228516,,,
371,371.0,2.344982862472534,,,
372,372.0,2.79056715965271,,,
373,373.0,3.0013272762298584,,,
374,374.0,2.055158853530884,,,
375,375.0,2.4078946113586426,,,
376,376.0,2.9770424365997314,,,
377,377.0,3.123600959777832,,,
378,378.0,1.8200507164001465,,,
379,379.0,2.8233516216278076,,,
380,380.0,2.480886220932007,,,
381,381.0,2.9076876640319824,,,
382,382.0,2.9720466136932373,,,
383,383.0,2.088759183883667,,,
384,384.0,3.2512056827545166,,,
385,385.0,2.107990264892578,,,
386,386.0,2.813764810562134,,,
387,387.0,2.185523509979248,,,
388,388.0,2.596933603286743,,,
389,389.0,2.5999515056610107,,,
390,390.0,3.0106189250946045,,,
391,391.0,2.123495101928711,,,
392,392.0,2.46056866645813,,,
393,393.0,2.6930675506591797,,,
394,394.0,2.6136717796325684,,,
395,395.0,3.186213254928589,0.10095564885572954,0.3939393939393939,0.32361712361712364
396,396.0,1.7184585332870483,,,
397,397.0,2.253063917160034,,,
398,398.0,2.131707191467285,,,
399,399.0,1.9683470726013184,,,
400,400.0,2.003073215484619,,,
401,401.0,2.464937448501587,,,
402,402.0,2.2776389122009277,,,
403,403.0,2.0562334060668945,,,
404,404.0,2.0929713249206543,,,
405,405.0,2.189565896987915,,,
406,406.0,1.8994817733764648,,,
407,407.0,2.225219964981079,,,
408,408.0,2.221219539642334,,,
409,409.0,2.0542407035827637,,,
410,410.0,2.479694128036499,,,
411,411.0,2.0186915397644043,,,
412,412.0,1.6660228967666626,,,
413,413.0,2.188436508178711,,,
414,414.0,1.6512925624847412,,,
415,415.0,2.402838706970215,,,
416,416.0,2.4832565784454346,,,
417,417.0,1.5119357109069824,,,
418,418.0,1.6909112930297852,,,
419,419.0,1.6690797805786133,,,
420,420.0,1.959311842918396,,,
421,421.0,1.5966764688491821,,,
422,422.0,1.8673245906829834,,,
423,423.0,2.063098430633545,,,
424,424.0,1.771098256111145,,,
425,425.0,1.8278875350952148,,,
426,426.0,1.2125146389007568,,,
427,427.0,1.9904074668884277,,,
428,428.0,2.402656316757202,,,
429,429.0,2.8939547538757324,,,
430,430.0,1.95093834400177,,,
431,431.0,2.7782366275787354,,,
432,432.0,2.98842716217041,,,
433,433.0,1.4544599056243896,,,
434,434.0,1.3586852550506592,,,
435,435.0,1.760146141052246,,,
436,436.0,2.3031415939331055,,,
437,437.0,2.246821880340576,,,
438,438.0,2.2343921661376953,,,
439,439.0,2.8214282989501953,,,
440,440.0,2.349026918411255,,,
441,441.0,2.0812575817108154,,,
442,442.0,2.350703477859497,,,
443,443.0,2.1161272525787354,,,
444,444.0,2.5489394664764404,,,
445,445.0,1.8847931623458862,,,
446,446.0,1.8810958862304688,,,
447,447.0,2.1402170658111572,,,
448,448.0,2.0271830558776855,,,
449,449.0,2.49326229095459,,,
450,450.0,2.6717464923858643,,,
451,451.0,1.4276437759399414,,,
452,452.0,1.9197371006011963,,,
453,453.0,2.651590347290039,,,
454,454.0,1.535210371017456,,,
455,455.0,1.574080228805542,,,
456,456.0,2.2383532524108887,,,
457,457.0,1.9293267726898193,,,
458,458.0,1.6017619371414185,,,
459,459.0,1.801692247390747,,,
460,460.0,2.4028608798980713,,,
461,461.0,2.3112754821777344,0.08223951585365064,0.5151515151515151,0.48246753246753243
462,462.0,2.1117067337036133,,,
463,463.0,1.9446988105773926,,,
464,464.0,1.3716378211975098,,,
465,465.0,1.8401718139648438,,,
466,466.0,1.2127338647842407,,,
467,467.0,1.4357984066009521,,,
468,468.0,1.770845890045166,,,
469,469.0,1.0935763120651245,,,
470,470.0,1.6402920484542847,,,
471,471.0,1.5055545568466187,,,
472,472.0,1.0689972639083862,,,
473,473.0,1.3305248022079468,,,
474,474.0,1.3981397151947021,,,
475,475.0,2.731752395629883,,,
476,476.0,1.5405421257019043,,,
477,477.0,1.7432544231414795,,,
478,478.0,2.066474199295044,,,
479,479.0,1.3789690732955933,,,
480,480.0,2.0886683464050293,,,
481,481.0,1.2078213691711426,,,
482,482.0,0.9416823387145996,,,
483,483.0,1.5500330924987793,,,
484,484.0,1.5142515897750854,,,
485,485.0,1.53848397731781,,,
486,486.0,1.0030585527420044,,,
487,487.0,1.9028704166412354,,,
488,488.0,0.9399012923240662,,,
489,489.0,1.8174872398376465,,,
490,490.0,1.0039894580841064,,,
491,491.0,1.368188500404358,,,
492,492.0,1.7921799421310425,,,
493,493.0,1.8576854467391968,,,
494,494.0,1.4600369930267334,,,
495,495.0,0.9574251174926758,,,
496,496.0,1.5388787984848022,,,
497,497.0,1.397101879119873,,,
498,498.0,1.1434763669967651,,,
499,499.0,1.4472146034240723,,,
500,500.0,1.8182151317596436,,,
501,501.0,1.5338129997253418,,,
502,502.0,1.1638199090957642,,,
503,503.0,1.129250407218933,,,
504,504.0,1.5029352903366089,,,
505,505.0,1.71023428440094,,,
506,506.0,1.9890615940093994,,,
507,507.0,1.9289110898971558,,,
508,508.0,1.2383664846420288,,,
509,509.0,1.981858253479004,,,
510,510.0,1.1498334407806396,,,
511,511.0,1.5081604719161987,,,
512,512.0,1.5278093814849854,,,
513,513.0,2.499016284942627,,,
514,514.0,1.5622093677520752,,,
515,515.0,1.5830079317092896,,,
516,516.0,1.3737512826919556,,,
517,517.0,2.1659557819366455,,,
518,518.0,1.3333408832550049,,,
519,519.0,1.5107413530349731,,,
520,520.0,1.8795015811920166,,,
521,521.0,1.6703382730484009,,,
522,522.0,1.6465485095977783,,,
523,523.0,1.3951103687286377,,,
524,524.0,1.3023995161056519,,,
525,525.0,1.167668342590332,,,
526,526.0,1.5415672063827515,,,
527,527.0,1.2850810289382935,0.06857214913223729,0.5606060606060606,0.5402236652236652
528,528.0,1.2030322551727295,,,
529,529.0,1.9139690399169922,,,
530,530.0,1.3898872137069702,,,
531,531.0,1.1078100204467773,,,
532,532.0,1.5936479568481445,,,
533,533.0,1.0214784145355225,,,
534,534.0,1.2037941217422485,,,
535,535.0,0.8767410516738892,,,
536,536.0,0.8917281031608582,,,
537,537.0,1.5298209190368652,,,
538,538.0,0.7811878323554993,,,
539,539.0,0.4865829050540924,,,
540,540.0,1.7569754123687744,,,
541,541.0,1.066468596458435,,,
542,542.0,1.4281096458435059,,,
543,543.0,0.6168006658554077,,,
544,544.0,1.1057571172714233,,,
545,545.0,1.2102832794189453,,,
546,546.0,0.7657757997512817,,,
547,547.0,0.47989922761917114,,,
548,548.0,1.347926139831543,,,
549,549.0,1.0383734703063965,,,
550,550.0,1.643038272857666,,,
551,551.0,1.3004227876663208,,,
552,552.0,0.7311436533927917,,,
553,553.0,0.7634534239768982,,,
554,554.0,1.3255352973937988,,,
555,555.0,0.8250301480293274,,,
556,556.0,1.6603772640228271,,,
557,557.0,1.2320671081542969,,,
558,558.0,1.6039245128631592,,,
559,559.0,1.6138043403625488,,,
560,560.0,1.1973997354507446,,,
561,561.0,1.1644585132598877,,,
562,562.0,1.379502773284912,,,
563,563.0,1.1570713520050049,,,
564,564.0,0.8735301494598389,,,
565,565.0,0.943743109703064,,,
566,566.0,1.4543839693069458,,,
567,567.0,1.1229320764541626,,,
568,568.0,1.0409049987792969,,,
569,569.0,0.8906396627426147,,,
570,570.0,0.7218239903450012,,,
571,571.0,0.9729369282722473,,,
572,572.0,1.2944374084472656,,,
573,573.0,1.4863440990447998,,,
574,574.0,0.8265390992164612,,,
575,575.0,1.514194369316101,,,
576,576.0,0.9200214147567749,,,
577,577.0,0.7816563844680786,,,
578,578.0,1.0669596195220947,,,
579,579.0,0.7649946808815002,,,
580,580.0,1.3734850883483887,,,
581,581.0,1.4397857189178467,,,
582,582.0,1.0637911558151245,,,
583,583.0,1.427943468093872,,,
584,584.0,0.7426795959472656,,,
585,585.0,1.247719407081604,,,
586,586.0,1.2481454610824585,,,
587,587.0,0.9435437321662903,,,
588,588.0,0.6622737646102905,,,
589,589.0,1.198221206665039,,,
590,590.0,0.8769446015357971,,,
591,591.0,1.325132966041565,,,
592,592.0,1.2471742630004883,,,
593,593.0,0.9811943769454956,0.052769604957464966,0.6742424242424242,0.638961038961039
594,594.0,0.8624150156974792,,,
595,595.0,0.7446578741073608,,,
596,596.0,0.5268663167953491,,,
597,597.0,0.7975283861160278,,,
598,598.0,0.8477787375450134,,,
599,599.0,1.274292230606079,,,
600,600.0,1.1378268003463745,,,
601,601.0,1.0226720571517944,,,
602,602.0,0.7708327174186707,,,
603,603.0,0.9237979054450989,,,
604,604.0,0.5404574275016785,,,
605,605.0,0.7261409759521484,,,
606,606.0,1.2340061664581299,,,
607,607.0,1.0132231712341309,,,
608,608.0,0.473459392786026,,,
609,609.0,1.2337325811386108,,,
610,610.0,0.6255502700805664,,,
611,611.0,0.9828524589538574,,,
612,612.0,0.7584282159805298,,,
613,613.0,0.8506148457527161,,,
614,614.0,1.7037795782089233,,,
615,615.0,0.6948121190071106,,,
616,616.0,0.797828733921051,,,
617,617.0,0.5034648776054382,,,
618,618.0,0.32417774200439453,,,
619,619.0,0.4797914922237396,,,
620,620.0,1.0097817182540894,,,
621,621.0,0.925108790397644,,,
622,622.0,0.8621029257774353,,,
623,623.0,0.4974558353424072,,,
624,624.0,0.5191853046417236,,,
625,625.0,1.3036388158798218,,,
626,626.0,0.8427824378013611,,,
627,627.0,1.0662033557891846,,,
628,628.0,1.4740703105926514,,,
629,629.0,1.1151726245880127,,,
630,630.0,0.7949651479721069,,,
631,631.0,0.8845082521438599,,,
632,632.0,0.5290212035179138,,,
633,633.0,0.9338259696960449,,,
634,634.0,0.9726790189743042,,,
635,635.0,0.555281937122345,,,
636,636.0,0.8493303656578064,,,
637,637.0,0.6734021306037903,,,
638,638.0,1.082095980644226,,,
639,639.0,0.7927538156509399,,,
640,640.0,1.2686775922775269,,,
641,641.0,0.6107596755027771,,,
642,642.0,0.7958952188491821,,,
643,643.0,0.9848581552505493,,,
644,644.0,0.7222000360488892,,,
645,645.0,0.5347604751586914,,,
646,646.0,0.5412416458129883,,,
647,647.0,0.8078774809837341,,,
648,648.0,0.8334744572639465,,,
649,649.0,0.7205573320388794,,,
650,650.0,0.5744604468345642,,,
651,651.0,1.0223844051361084,,,
652,652.0,0.7777918577194214,,,
653,653.0,0.6247929334640503,,,
654,654.0,0.5626950860023499,,,
655,655.0,1.0025097131729126,,,
656,656.0,0.8006884455680847,,,
657,657.0,0.54677814245224,,,
658,658.0,0.8371082544326782,,,
659,659.0,0.9758800268173218,0.04643800403132583,0.7045454545454546,0.6873737373737374
660,660.0,0.458086222410202,,,
661,661.0,0.7016444802284241,,,
662,662.0,0.49828875064849854,,,
663,663.0,0.5665096044540405,,,
664,664.0,0.7489164471626282,,,
665,665.0,0.29247257113456726,,,
666,666.0,0.5061536431312561,,,
667,667.0,0.6911893486976624,,,
668,668.0,0.35750269889831543,,,
669,669.0,0.671516478061676,,,
670,670.0,0.8857216238975525,,,
671,671.0,0.43223488330841064,,,
672,672.0,0.724162220954895,,,
673,673.0,0.47559085488319397,,,
674,674.0,0.47747957706451416,,,
675,675.0,0.3412134647369385,,,
676,676.0,0.34559521079063416,,,
677,677.0,1.1265193223953247,,,
678,678.0,0.35418158769607544,,,
679,679.0,0.7261857986450195,,,
680,680.0,0.4135470390319824,,,
681,681.0,1.250748634338379,,,
682,682.0,0.635356068611145,,,
683,683.0,0.981259286403656,,,
684,684.0,0.8795063495635986,,,
685,685.0,0.2756636440753937,,,
686,686.0,0.4642648696899414,,,
687,687.0,0.3466649055480957,,,
688,688.0,0.6145406365394592,,,
689,689.0,0.7676016092300415,,,
690,690.0,0.8510114550590515,,,
691,691.0,1.0190730094909668,,,
692,692.0,0.6650909185409546,,,
693,693.0,0.7496759295463562,,,
694,694.0,0.6832067966461182,,,
695,695.0,0.38979342579841614,,,
696,696.0,0.7494804859161377,,,
697,697.0,0.40486210584640503,,,
698,698.0,0.38789522647857666,,,
699,699.0,0.9550036191940308,,,
700,700.0,0.4489758312702179,,,
701,701.0,0.3937281370162964,,,
702,702.0,0.7158920764923096,,,
703,703.0,0.7062541842460632,,,
704,704.0,0.5439427495002747,,,
705,705.0,0.5579430460929871,,,
706,706.0,0.3870331048965454,,,
707,707.0,0.6689886450767517,,,
708,708.0,0.5605605840682983,,,
709,709.0,0.4442022144794464,,,
710,710.0,0.8796864151954651,,,
711,711.0,0.72206050157547,,,
712,712.0,0.6490848660469055,,,
713,713.0,0.418966144323349,,,
714,714.0,0.4567711353302002,,,
715,715.0,1.1810352802276611,,,
716,716.0,0.5851422548294067,,,
717,717.0,0.3473300337791443,,,
718,718.0,0.6356556415557861,,,
719,719.0,0.2625075876712799,,,
720,720.0,0.4971400201320648,,,
721,721.0,0.8484970927238464,,,
722,722.0,0.6042879819869995,,,
723,723.0,0.5929808616638184,,,
724,724.0,0.6631031036376953,,,
725,725.0,0.3346349596977234,0.04015412023573211,0.7272727272727273,0.7055555555555555
726,726.0,0.5209595561027527,,,
727,727.0,0.5504966378211975,,,
728,728.0,0.6393122673034668,,,
729,729.0,0.33387041091918945,,,
730,730.0,0.31397774815559387,,,
731,731.0,0.5673630833625793,,,
732,732.0,0.39046716690063477,,,
733,733.0,0.40323755145072937,,,
734,734.0,0.36351874470710754,,,
735,735.0,0.9800083041191101,,,
736,736.0,0.6054970026016235,,,
737,737.0,0.3709971308708191,,,
738,738.0,0.5034292340278625,,,
739,739.0,0.27454617619514465,,,
740,740.0,0.4515608847141266,,,
741,741.0,0.35229986906051636,,,
742,742.0,0.28329870104789734,,,
743,743.0,0.6109930276870728,,,
744,744.0,0.4533519744873047,,,
745,745.0,0.5794849991798401,,,
746,746.0,0.743228554725647,,,
747,747.0,0.4493404030799866,,,
748,748.0,0.4321903586387634,,,
749,749.0,0.4728013575077057,,,
750,750.0,0.3952508866786957,,,
751,751.0,0.2890520691871643,,,
752,752.0,0.4229423701763153,,,
753,753.0,0.7065739035606384,,,
754,754.0,0.4425894320011139,,,
755,755.0,0.5676018595695496,,,
756,756.0,0.26376771926879883,,,
757,757.0,0.5501796007156372,,,
758,758.0,0.3137565851211548,,,
759,759.0,0.8137217164039612,,,
760,760.0,0.2950863540172577,,,
761,761.0,0.23807381093502045,,,
762,762.0,0.7730376720428467,,,
763,763.0,0.6372305750846863,,,
764,764.0,0.35124996304512024,,,
765,765.0,0.4647969901561737,,,
766,766.0,0.7801495790481567,,,
767,767.0,0.6099210977554321,,,
768,768.0,0.5205521583557129,,,
769,769.0,0.47609785199165344,,,
770,770.0,0.3495525121688843,,,
771,771.0,0.3705762028694153,,,
772,772.0,0.36764946579933167,,,
773,773.0,0.23804034292697906,,,
774,774.0,0.494358092546463,,,
775,775.0,0.19882875680923462,,,
776,776.0,0.24875369668006897,,,
777,777.0,0.8259180784225464,,,
778,778.0,0.5280725359916687,,,
779,779.0,0.37696707248687744,,,
780,780.0,0.41394752264022827,,,
781,781.0,0.3328181207180023,,,
782,782.0,0.41041576862335205,,,
783,783.0,0.4002961814403534,,,
784,784.0,0.15863800048828125,,,
785,785.0,0.3995034098625183,,,
786,786.0,0.22130689024925232,,,
787,787.0,0.9757576584815979,,,
788,788.0,0.43061569333076477,,,
789,789.0,0.5105496644973755,,,
790,790.0,0.26873087882995605,,,
791,791.0,0.31457582116127014,0.03706128353422338,0.7575757575757576,0.7460317460317459
792,792.0,0.4357426166534424,,,
793,793.0,0.18819792568683624,,,
794,794.0,0.30373668670654297,,,
795,795.0,0.3693746030330658,,,
796,796.0,0.2560669481754303,,,
797,797.0,0.52475905418396,,,
798,798.0,0.16644607484340668,,,
799,799.0,0.36122220754623413,,,
800,800.0,0.4684753119945526,,,
801,801.0,0.2117759734392166,,,
802,802.0,0.41314536333084106,,,
803,803.0,0.3897079825401306,,,
804,804.0,0.2051008939743042,,,
805,805.0,0.44053858518600464,,,
806,806.0,0.6968528628349304,,,
807,807.0,0.35321569442749023,,,
808,808.0,0.49496543407440186,,,
809,809.0,0.2730139195919037,,,
810,810.0,0.6866410374641418,,,
811,811.0,0.30785053968429565,,,
812,812.0,0.3581363558769226,,,
813,813.0,0.5003989934921265,,,
814,814.0,0.25017228722572327,,,
815,815.0,0.7726507782936096,,,
816,816.0,0.5686892867088318,,,
817,817.0,0.21119603514671326,,,
818,818.0,0.3680749535560608,,,
819,819.0,0.6867842674255371,,,
820,820.0,0.5615537166595459,,,
821,821.0,0.40843015909194946,,,
822,822.0,0.5921061635017395,,,
823,823.0,0.25200480222702026,,,
824,824.0,0.38855770230293274,,,
825,825.0,0.3254050612449646,,,
826,826.0,0.20100830495357513,,,
827,827.0,0.3912959098815918,,,
828,828.0,0.17296594381332397,,,
829,829.0,0.20663687586784363,,,
830,830.0,0.2320774644613266,,,
831,831.0,0.32225358486175537,,,
832,832.0,0.38953834772109985,,,
833,833.0,0.3666405975818634,,,
834,834.0,0.43130967020988464,,,
835,835.0,0.205570250749588,,,
836,836.0,0.16401422023773193,,,
837,837.0,0.2013070434331894,,,
838,838.0,0.5750004649162292,,,
839,839.0,0.21626488864421844,,,
840,840.0,0.2994714081287384,,,
841,841.0,0.27165260910987854,,,
842,842.0,0.6509304642677307,,,
843,843.0,0.2763509750366211,,,
844,844.0,0.3063456416130066,,,
845,845.0,0.2764718532562256,,,
846,846.0,0.3214547038078308,,,
847,847.0,0.310944139957428,,,
848,848.0,0.47335195541381836,,,
849,849.0,0.3463236093521118,,,
850,850.0,0.490762323141098,,,
851,851.0,0.5954994559288025,,,
852,852.0,0.31066447496414185,,,
853,853.0,0.5176228284835815,,,
854,854.0,0.36750277876853943,,,
855,855.0,0.5014873743057251,,,
856,856.0,0.22396379709243774,,,
857,857.0,0.3949074149131775,0.03366506460941199,0.7575757575757576,0.7370851370851369
858,858.0,0.17340442538261414,,,
859,859.0,0.1390250027179718,,,
860,860.0,0.2203420102596283,,,
861,861.0,0.39385002851486206,,,
862,862.0,0.2733749747276306,,,
863,863.0,0.4296535849571228,,,
864,864.0,0.3026617765426636,,,
865,865.0,0.337902307510376,,,
866,866.0,0.2506501078605652,,,
867,867.0,0.19468505680561066,,,
868,868.0,0.17796598374843597,,,
869,869.0,0.22358399629592896,,,
870,870.0,0.4513591527938843,,,
871,871.0,0.25065258145332336,,,
872,872.0,0.2634149491786957,,,
873,873.0,0.19510719180107117,,,
874,874.0,0.550453245639801,,,
875,875.0,0.20124773681163788,,,
876,876.0,0.23388409614562988,,,
877,877.0,0.36457735300064087,,,
878,878.0,0.9257783889770508,,,
879,879.0,0.2717576026916504,,,
880,880.0,0.27493271231651306,,,
881,881.0,0.47628942131996155,,,
882,882.0,0.15595555305480957,,,
883,883.0,0.22954422235488892,,,
884,884.0,0.22762399911880493,,,
885,885.0,0.40112143754959106,,,
886,886.0,0.23760035634040833,,,
887,887.0,0.2700437903404236,,,
888,888.0,0.2306620329618454,,,
889,889.0,0.1452343463897705,,,
890,890.0,0.28248828649520874,,,
891,891.0,0.6202658414840698,,,
892,892.0,0.3061744272708893,,,
893,893.0,0.5952423214912415,,,
894,894.0,0.45688939094543457,,,
895,895.0,0.2968509793281555,,,
896,896.0,0.20739829540252686,,,
897,897.0,0.144741952419281,,,
898,898.0,0.3606231212615967,,,
899,899.0,0.2848467230796814,,,
900,900.0,0.20341065526008606,,,
901,901.0,0.4700304865837097,,,
902,902.0,0.1569681167602539,,,
903,903.0,0.34173327684402466,,,
904,904.0,0.3163984417915344,,,
905,905.0,0.4959888458251953,,,
906,906.0,0.26503393054008484,,,
907,907.0,0.38484224677085876,,,
908,908.0,0.3197552561759949,,,
909,909.0,0.26763099431991577,,,
910,910.0,0.2586977481842041,,,
911,911.0,0.21880191564559937,,,
912,912.0,0.5074973106384277,,,
913,913.0,0.14668551087379456,,,
914,914.0,0.1613123118877411,,,
915,915.0,0.3000639081001282,,,
916,916.0,0.24712343513965607,,,
917,917.0,0.326175719499588,,,
918,918.0,0.29123756289482117,,,
919,919.0,0.17404288053512573,,,
920,920.0,0.3166889548301697,,,
921,921.0,0.12140345573425293,,,
922,922.0,0.21770574152469635,,,
923,923.0,0.25421589612960815,0.0318085460951834,0.7575757575757576,0.7389610389610388
924,924.0,0.11428273469209671,,,
925,925.0,0.2846347987651825,,,
926,926.0,0.2650253176689148,,,
927,927.0,0.2183176726102829,,,
928,928.0,0.3084741234779358,,,
929,929.0,0.13537165522575378,,,
930,930.0,0.25288769602775574,,,
931,931.0,0.28087422251701355,,,
932,932.0,0.35295915603637695,,,
933,933.0,0.1835607886314392,,,
934,934.0,0.1194625198841095,,,
935,935.0,0.21795642375946045,,,
936,936.0,0.15843267738819122,,,
937,937.0,0.3533446788787842,,,
938,938.0,0.20756247639656067,,,
939,939.0,0.2955727279186249,,,
940,940.0,0.24246710538864136,,,
941,941.0,0.19291327893733978,,,
942,942.0,0.25621747970581055,,,
943,943.0,0.3799404501914978,,,
944,944.0,0.14598535001277924,,,
945,945.0,0.2926558256149292,,,
946,946.0,0.28881871700286865,,,
947,947.0,0.24565264582633972,,,
948,948.0,0.2098146677017212,,,
949,949.0,0.60570228099823,,,
950,950.0,0.2962312698364258,,,
951,951.0,0.24995994567871094,,,
952,952.0,0.17632149159908295,,,
953,953.0,0.2734408974647522,,,
954,954.0,0.3307439088821411,,,
955,955.0,0.2785726487636566,,,
956,956.0,0.268318235874176,,,
957,957.0,0.1997092068195343,,,
958,958.0,0.1269042044878006,,,
959,959.0,0.29612043499946594,,,
960,960.0,0.2132868766784668,,,
961,961.0,0.09876962006092072,,,
962,962.0,0.2964877188205719,,,
963,963.0,0.2593100965023041,,,
964,964.0,0.17798063158988953,,,
965,965.0,0.2312711477279663,,,
966,966.0,0.10925113409757614,,,
967,967.0,0.1058158278465271,,,
968,968.0,0.19666644930839539,,,
969,969.0,0.14549502730369568,,,
970,970.0,0.3286137878894806,,,
971,971.0,0.16581985354423523,,,
972,972.0,0.22144892811775208,,,
973,973.0,0.29104083776474,,,
974,974.0,0.28207090497016907,,,
975,975.0,0.21497806906700134,,,
976,976.0,0.12447285652160645,,,
977,977.0,0.14644767343997955,,,
978,978.0,0.08434762805700302,,,
979,979.0,0.1998002529144287,,,
980,980.0,0.3147338926792145,,,
981,981.0,0.30995234847068787,,,
982,982.0,0.3569868803024292,,,
983,983.0,0.3078959584236145,,,
984,984.0,0.27840906381607056,,,
985,985.0,0.31877124309539795,,,
986,986.0,0.21055598556995392,,,
987,987.0,0.31679514050483704,,,
988,988.0,0.24402949213981628,,,
989,989.0,0.18992434442043304,0.031056805993571426,0.7651515151515151,0.7420634920634921
990,990.0,0.15342667698860168,,,
991,991.0,0.05507749319076538,,,
992,992.0,0.24072787165641785,,,
993,993.0,0.16476647555828094,,,
994,994.0,0.12368983775377274,,,
995,995.0,0.20207233726978302,,,
996,996.0,0.1430797576904297,,,
997,997.0,0.1345655918121338,,,
998,998.0,0.12268516421318054,,,
999,999.0,0.17213475704193115,,,
1000,1000.0,0.1615241914987564,,,
1001,1001.0,0.12762054800987244,,,
1002,1002.0,0.2931792140007019,,,
1003,1003.0,0.18897521495819092,,,
1004,1004.0,0.12708647549152374,,,
1005,1005.0,0.4676741063594818,,,
1006,1006.0,0.20603309571743011,,,
1007,1007.0,0.12768521904945374,,,
1008,1008.0,0.19617734849452972,,,
1009,1009.0,0.16293224692344666,,,
1010,1010.0,0.18841321766376495,,,
1011,1011.0,0.3089296519756317,,,
1012,1012.0,0.17030124366283417,,,
1013,1013.0,0.14597031474113464,,,
1014,1014.0,0.2129008024930954,,,
1015,1015.0,0.14779110252857208,,,
1016,1016.0,0.17492961883544922,,,
1017,1017.0,0.2854427993297577,,,
1018,1018.0,0.3622725009918213,,,
1019,1019.0,0.17134499549865723,,,
1020,1020.0,0.21903643012046814,,,
1021,1021.0,0.2979775667190552,,,
1022,1022.0,0.13839854300022125,,,
1023,1023.0,0.23114827275276184,,,
1024,1024.0,0.21273422241210938,,,
1025,1025.0,0.19127637147903442,,,
1026,1026.0,0.2448960840702057,,,
1027,1027.0,0.1616736352443695,,,
1028,1028.0,0.1839560866355896,,,
1029,1029.0,0.2639046609401703,,,
1030,1030.0,0.39081060886383057,,,
1031,1031.0,0.18168935179710388,,,
1032,1032.0,0.3004893362522125,,,
1033,1033.0,0.18457378447055817,,,
1034,1034.0,0.2185901701450348,,,
1035,1035.0,0.15085096657276154,,,
1036,1036.0,0.19614432752132416,,,
1037,1037.0,0.1414681375026703,,,
1038,1038.0,0.29554417729377747,,,
1039,1039.0,0.18778319656848907,,,
1040,1040.0,0.3192473351955414,,,
1041,1041.0,0.2599669396877289,,,
1042,1042.0,0.17161989212036133,,,
1043,1043.0,0.23308521509170532,,,
1044,1044.0,0.3580971658229828,,,
1045,1045.0,0.21036656200885773,,,
1046,1046.0,0.3873984217643738,,,
1047,1047.0,0.17218121886253357,,,
1048,1048.0,0.21428439021110535,,,
1049,1049.0,0.11234330385923386,,,
1050,1050.0,0.5092763304710388,,,
1051,1051.0,0.1286979615688324,,,
1052,1052.0,0.097279854118824,,,
1053,1053.0,0.11016420274972916,,,
1054,1054.0,0.1948672980070114,,,
1055,1055.0,0.1931537240743637,0.02955296319542509,0.803030303030303,0.782972582972583
1056,1056.0,0.17330977320671082,,,
1057,1057.0,0.14140143990516663,,,
1058,1058.0,0.09992817044258118,,,
1059,1059.0,0.1817164123058319,,,
1060,1060.0,0.1457640826702118,,,
1061,1061.0,0.08436265587806702,,,
1062,1062.0,0.14691409468650818,,,
1063,1063.0,0.14793822169303894,,,
1064,1064.0,0.21060508489608765,,,
1065,1065.0,0.26838982105255127,,,
1066,1066.0,0.1668708324432373,,,
1067,1067.0,0.14684253931045532,,,
1068,1068.0,0.24231426417827606,,,
1069,1069.0,0.1434427797794342,,,
1070,1070.0,0.29848477244377136,,,
1071,1071.0,0.179807648062706,,,
1072,1072.0,0.11748643964529037,,,
1073,1073.0,0.17570817470550537,,,
1074,1074.0,0.09397992491722107,,,
1075,1075.0,0.11948360502719879,,,
1076,1076.0,0.12592293322086334,,,
1077,1077.0,0.2845427989959717,,,
1078,1078.0,0.24024131894111633,,,
1079,1079.0,0.23241788148880005,,,
1080,1080.0,0.07224471122026443,,,
1081,1081.0,0.2114625871181488,,,
1082,1082.0,0.14608146250247955,,,
1083,1083.0,0.2134741246700287,,,
1084,1084.0,0.1952550709247589,,,
1085,1085.0,0.11666430532932281,,,
1086,1086.0,0.10601848363876343,,,
1087,1087.0,0.1611965298652649,,,
1088,1088.0,0.17281052470207214,,,
1089,1089.0,0.18322421610355377,,,
1090,1090.0,0.11310069262981415,,,
1091,1091.0,0.3106522858142853,,,
1092,1092.0,0.20083564519882202,,,
1093,1093.0,0.19482877850532532,,,
1094,1094.0,0.15327563881874084,,,
1095,1095.0,0.18651971220970154,,,
1096,1096.0,0.11105349659919739,,,
1097,1097.0,0.29239213466644287,,,
1098,1098.0,0.08708543330430984,,,
1099,1099.0,0.11628541350364685,,,
1100,1100.0,0.14643459022045135,,,
1101,1101.0,0.2245459258556366,,,
1102,1102.0,0.10437409579753876,,,
1103,1103.0,0.08995820581912994,,,
1104,1104.0,0.1230294331908226,,,
1105,1105.0,0.08763021230697632,,,
1106,1106.0,0.14036595821380615,,,
1107,1107.0,0.37942227721214294,,,
1108,1108.0,0.37976324558258057,,,
1109,1109.0,0.07753464579582214,,,
1110,1110.0,0.26401275396347046,,,
1111,1111.0,0.21674707531929016,,,
1112,1112.0,0.22027292847633362,,,
1113,1113.0,0.08850192278623581,,,
1114,1114.0,0.49344995617866516,,,
1115,1115.0,0.11059165745973587,,,
1116,1116.0,0.10504623502492905,,,
1117,1117.0,0.18626073002815247,,,
1118,1118.0,0.1992354393005371,,,
1119,1119.0,0.247505784034729,,,
1120,1120.0,0.1508874148130417,,,
1121,1121.0,0.2777094542980194,0.029050971070925396,0.7803030303030303,0.7621933621933622
1122,1122.0,0.10622276365756989,,,
1123,1123.0,0.3590712547302246,,,
1124,1124.0,0.24003057181835175,,,
1125,1125.0,0.08991128951311111,,,
1126,1126.0,0.2497207224369049,,,
1127,1127.0,0.14336809515953064,,,
1128,1128.0,0.18692006170749664,,,
1129,1129.0,0.11863189935684204,,,
1130,1130.0,0.1088533028960228,,,
1131,1131.0,0.10785414278507233,,,
1132,1132.0,0.20330142974853516,,,
1133,1133.0,0.18237963318824768,,,
1134,1134.0,0.1097840741276741,,,
1135,1135.0,0.04818575829267502,,,
1136,1136.0,0.30368515849113464,,,
1137,1137.0,0.16181476414203644,,,
1138,1138.0,0.20332424342632294,,,
1139,1139.0,0.14134252071380615,,,
1140,1140.0,0.12308717519044876,,,
1141,1141.0,0.15015357732772827,,,
1142,1142.0,0.13620014488697052,,,
1143,1143.0,0.18776936829090118,,,
1144,1144.0,0.24262095987796783,,,
1145,1145.0,0.12006187438964844,,,
1146,1146.0,0.10525725036859512,,,
1147,1147.0,0.16544917225837708,,,
1148,1148.0,0.1220058798789978,,,
1149,1149.0,0.24867048859596252,,,
1150,1150.0,0.12567265331745148,,,
1151,1151.0,0.1397498995065689,,,
1152,1152.0,0.09231361746788025,,,
1153,1153.0,0.2167285531759262,,,
1154,1154.0,0.17084455490112305,,,
1155,1155.0,0.2612661123275757,,,
1156,1156.0,0.1386958360671997,,,
1157,1157.0,0.1731390655040741,,,
1158,1158.0,0.1804121434688568,,,
1159,1159.0,0.0895606130361557,,,
1160,1160.0,0.2252846509218216,,,
1161,1161.0,0.0993262529373169,,,
1162,1162.0,0.2009039670228958,,,
1163,1163.0,0.06762396544218063,,,
1164,1164.0,0.1438806653022766,,,
1165,1165.0,0.23412244021892548,,,
1166,1166.0,0.20755071938037872,,,
1167,1167.0,0.11486705392599106,,,
1168,1168.0,0.19151648879051208,,,
1169,1169.0,0.16536042094230652,,,
1170,1170.0,0.10344332456588745,,,
1171,1171.0,0.1752747893333435,,,
1172,1172.0,0.11111683398485184,,,
1173,1173.0,0.21945877373218536,,,
1174,1174.0,0.18052028119564056,,,
1175,1175.0,0.13114216923713684,,,
1176,1176.0,0.15800032019615173,,,
1177,1177.0,0.13279756903648376,,,
1178,1178.0,0.2476048767566681,,,
1179,1179.0,0.13993309438228607,,,
1180,1180.0,0.09003312885761261,,,
1181,1181.0,0.13408157229423523,,,
1182,1182.0,0.11812702566385269,,,
1183,1183.0,0.16364970803260803,,,
1184,1184.0,0.10216602683067322,,,
1185,1185.0,0.18715234100818634,,,
1186,1186.0,0.15304723381996155,,,
1187,1187.0,0.4460507035255432,0.028703102108204002,0.7878787878787878,0.7743145743145744
1188,1188.0,0.26314032077789307,,,
1189,1189.0,0.16769646108150482,,,
1190,1190.0,0.08700404316186905,,,
1191,1191.0,0.17053058743476868,,,
1192,1192.0,0.1219678595662117,,,
1193,1193.0,0.11549404263496399,,,
1194,1194.0,0.18028652667999268,,,
1195,1195.0,0.1801757663488388,,,
1196,1196.0,0.0980735644698143,,,
1197,1197.0,0.17088091373443604,,,
1198,1198.0,0.1003703698515892,,,
1199,1199.0,0.10256015509366989,,,
1200,1200.0,0.2008427381515503,,,
1201,1201.0,0.07999067008495331,,,
1202,1202.0,0.11765493452548981,,,
1203,1203.0,0.09003500640392303,,,
1204,1204.0,0.07101887464523315,,,
1205,1205.0,0.12863443791866302,,,
1206,1206.0,0.11394897848367691,,,
1207,1207.0,0.10624006390571594,,,
1208,1208.0,0.31211552023887634,,,
1209,1209.0,0.2583674192428589,,,
1210,1210.0,0.11369029432535172,,,
1211,1211.0,0.2272166609764099,,,
1212,1212.0,0.13284176588058472,,,
1213,1213.0,0.16975046694278717,,,
1214,1214.0,0.1563720405101776,,,
1215,1215.0,0.24997001886367798,,,
1216,1216.0,0.17515376210212708,,,
1217,1217.0,0.15907345712184906,,,
1218,1218.0,0.04070935398340225,,,
1219,1219.0,0.20331628620624542,,,
1220,1220.0,0.11451084166765213,,,
1221,1221.0,0.09246665984392166,,,
1222,1222.0,0.12280900031328201,,,
1223,1223.0,0.0723370611667633,,,
1224,1224.0,0.13857580721378326,,,
1225,1225.0,0.15363694727420807,,,
1226,1226.0,0.1840212494134903,,,
1227,1227.0,0.09975674003362656,,,
1228,1228.0,0.19523511826992035,,,
1229,1229.0,0.11558248102664948,,,
1230,1230.0,0.10263606160879135,,,
1231,1231.0,0.06482473760843277,,,
1232,1232.0,0.30386123061180115,,,
1233,1233.0,0.1440013349056244,,,
1234,1234.0,0.12856538593769073,,,
1235,1235.0,0.225994274020195,,,
1236,1236.0,0.1466602385044098,,,
1237,1237.0,0.3529733717441559,,,
1238,1238.0,0.1936454176902771,,,
1239,1239.0,0.14691895246505737,,,
1240,1240.0,0.14711283147335052,,,
1241,1241.0,0.21264201402664185,,,
1242,1242.0,0.11248896270990372,,,
1243,1243.0,0.41202232241630554,,,
1244,1244.0,0.14150841534137726,,,
1245,1245.0,0.11698433756828308,,,
1246,1246.0,0.06431309133768082,,,
1247,1247.0,0.3504508137702942,,,
1248,1248.0,0.10753156244754791,,,
1249,1249.0,0.09201441705226898,,,
1250,1250.0,0.2667630612850189,,,
1251,1251.0,0.07210853695869446,,,
1252,1252.0,0.09999870508909225,,,
1253,1253.0,0.2134280800819397,0.028493467605475224,0.7878787878787878,0.7712842712842712
1254,1254.0,0.13781510293483734,,,
1255,1255.0,0.1554299145936966,,,
1256,1256.0,0.2409195899963379,,,
1257,1257.0,0.15474125742912292,,,
1258,1258.0,0.20488160848617554,,,
1259,1259.0,0.1278722733259201,,,
1260,1260.0,0.26310279965400696,,,
1261,1261.0,0.152550607919693,,,
1262,1262.0,0.16619348526000977,,,
1263,1263.0,0.13995198905467987,,,
1264,1264.0,0.13621272146701813,,,
1265,1265.0,0.14563652873039246,,,
1266,1266.0,0.232668936252594,,,
1267,1267.0,0.14008085429668427,,,
1268,1268.0,0.14210344851016998,,,
1269,1269.0,0.16311955451965332,,,
1270,1270.0,0.11331654340028763,,,
1271,1271.0,0.10520688444375992,,,
1272,1272.0,0.13361185789108276,,,
1273,1273.0,0.16318926215171814,,,
1274,1274.0,0.09105534106492996,,,
1275,1275.0,0.0889701172709465,,,
1276,1276.0,0.07382068783044815,,,
1277,1277.0,0.16039204597473145,,,
1278,1278.0,0.11165110021829605,,,
1279,1279.0,0.12450738251209259,,,
1280,1280.0,0.19887931644916534,,,
1281,1281.0,0.21000604331493378,,,
1282,1282.0,0.11078958213329315,,,
1283,1283.0,0.19809293746948242,,,
1284,1284.0,0.3091542422771454,,,
1285,1285.0,0.06028946489095688,,,
1286,1286.0,0.08897923678159714,,,
1287,1287.0,0.12087509781122208,,,
1288,1288.0,0.15678808093070984,,,
1289,1289.0,0.1899116039276123,,,
1290,1290.0,0.26385176181793213,,,
1291,1291.0,0.12484180182218552,,,
1292,1292.0,0.19827458262443542,,,
1293,1293.0,0.11859449744224548,,,
1294,1294.0,0.12972217798233032,,,
1295,1295.0,0.06071491912007332,,,
1296,1296.0,0.09720280766487122,,,
1297,1297.0,0.05667570233345032,,,
1298,1298.0,0.08093931525945663,,,
1299,1299.0,0.12356871366500854,,,
1300,1300.0,0.17597703635692596,,,
1301,1301.0,0.11441080272197723,,,
1302,1302.0,0.0784979909658432,,,
1303,1303.0,0.22885926067829132,,,
1304,1304.0,0.11215244233608246,,,
1305,1305.0,0.11783397197723389,,,
1306,1306.0,0.14661529660224915,,,
1307,1307.0,0.17656360566616058,,,
1308,1308.0,0.1972048580646515,,,
1309,1309.0,0.1172383725643158,,,
1310,1310.0,0.08521054685115814,,,
1311,1311.0,0.11416253447532654,,,
1312,1312.0,0.10033876448869705,,,
1313,1313.0,0.08757959306240082,,,
1314,1314.0,0.09088583290576935,,,
1315,1315.0,0.1441473513841629,,,
1316,1316.0,0.14680831134319305,,,
1317,1317.0,0.22042089700698853,,,
1318,1318.0,0.12031147629022598,,,
1319,1319.0,0.13336485624313354,0.028576939846530106,0.7878787878787878,0.7693362193362193
